{
"RF02271.fa.csv_1":{"sequence": "AAACCCCAGUAGGGGUUU", "paired_bases": [[6, 11], [5, 12], [4, 13], [3, 14], [2, 15], [1, 16], [0, 17]], "dms": [0.3317625732102161, 0.8619477949493498, 0.9849505502538177, 0.9997828311396947, 0.9999562120800795, 0.9999454042235505, 0.9970246205212348, 3.298876877182004e-10, 1.0113344525791075e-08, 9.30187856307975e-09, 2.1481183689942838e-10, 0.996953491189411, 0.9999737756512344, 0.9999846271614127, 0.9997971647502685, 0.9848757245213886, 0.8618760196213241, 0.3319091664146036]},
"RF02271.fa.csv_2":{"sequence": "UUUCCCCUAGUAUGGGGAAA", "paired_bases": [[6, 13], [5, 14], [4, 15], [3, 16], [2, 17], [1, 18]], "dms": [0.23766817041948293, 0.8457633741067279, 0.9869251366781276, 0.9995494832906625, 0.9998116801975672, 0.9998116884783607, 0.9990093868317357, 0.0007475204369414754, 0.0014492056864754438, 5.640424341878211e-11, 0.0, 0.0, 0.0014492055881192285, 0.9993121991718216, 0.9999885517548815, 0.9999888355592378, 0.9999162383327962, 0.9871696292210937, 0.8459407405802827, 0.23697024566473185]}
}
